<?xml version="1.0" encoding="UTF-8"?>
<Configuration status="info">
    <ThresholdFilter level="INFO"/>
    <Appenders>
        <RollingFile name="DEBUGFILE" fileName="U:/CEGEP_TEP/Session_3/Projet_Session/Projet_Session_Automne2025_L-S-A/Logiciel/STM32/Projet_Fin_Session_L-S-A/.metadata/.ide.log" filePattern="U:/CEGEP_TEP/Session_3/Projet_Session/Projet_Session_Automne2025_L-S-A/Logiciel/STM32/Projet_Fin_Session_L-S-A/.metadata/.ide.log-%d{yyyy-MM-dd}.log">
            <PatternLayout pattern="%d{yyyy-MM-dd HH:mm:ss,SSS} [%p] %c{1}:%L - %m%n" />
            <Policies>
                <TimeBasedTriggeringPolicy interval="1" modulate="true" />
                <SizeBasedTriggeringPolicy size="50MB"/>
            </Policies>
        </RollingFile>
    </Appenders>
    <Loggers>
        <Root level="ALL">
            <AppenderRef ref="DEBUGFILE" />
        </Root>
    </Loggers>
</Configuration>